k,l,r_pri,r_dual,t_local,t_comm,t_encrypt,t_total
0,0,0.0,0.0,0.1042163340607658,5.46250375919044e-05,0.0,0.10436537500936538
0,1,142.10208750903598,20.618056594603104,0.09851620893459767,6.679299985989928e-05,0.0,0.09874658298213035
0,2,70.25213293061614,8.403167612850666,0.8703555410029367,8.262402843683958e-05,0.0,0.8706076670205221
0,3,63.736459697236626,0.0,0.0686506659258157,4.0416023693978786e-05,0.0,0.06877925002481788
0,4,53.461758418709024,0.0,0.15202116587897763,5.270796827971935e-05,0.0,0.15218041703337803
0,5,21.509541373291505,0.0,0.898147749947384,4.58740396425128e-05,0.0,0.8983041670289822
0,6,86.18150544119287,0.0,0.07847787300124764,5.904299905523658e-05,0.0,0.07863137498497963
0,7,93.13648627588705,0.0,0.4676081250072457,5.6126038543879986e-05,0.0,0.4677735000150278
0,8,19.09338392949367,0.0,0.07414333400083706,6.104190833866596e-05,0.0,0.0743124580476433
0,9,223.33392729268945,0.0,0.4684485829784535,4.4707965571433306e-05,0.0,0.46860529197147116
0,10,109.43566457545364,0.0,0.7202407080330886,6.341695552691817e-05,0.0,0.7204440830391832
0,11,97.59652711045229,0.0,0.7639827079256065,6.304198177531362e-05,0.0,0.7641950420220383
0,12,98.95126936456654,0.0,0.7507658320246264,6.437499541789293e-05,0.0,0.7509830420021899
0,13,75.18184387605419,0.0,0.4115527080721222,6.450002547353506e-05,0.0,0.4117507500341162
0,14,48.42060789652169,0.0,0.08182183495955542,4.858296597376466e-05,0.0,0.08196575002511963
0,15,102.78785453049932,0.0,0.6359039579983801,4.437501775100827e-05,0.0,0.6360513749532402
0,16,72.520285745617,0.0,0.4508149170433171,6.708293221890926e-05,0.0,0.4510070830001496
0,17,6.918573446571827,0.0,0.3569589169928804,8.887500734999776e-05,0.0,0.3571515409857966
0,18,78.61960203276249,0.0,0.3625061670318246,5.416694330051541e-05,0.0,0.3626882079988718
0,19,70.45127439463977,0.0,0.6492974999709986,5.987501936033368e-05,0.0,0.6494943329598755
0,20,12.142438256503215,0.0,0.25513991597108543,4.270899808034301e-05,0.0,0.25528837501769885
0,21,68.41120982239954,0.0,0.39353399898391217,4.5083987060934305e-05,0.0,0.3936773750465363
0,22,63.628233082247945,0.0,0.5606099169817753,6.420898716896772e-05,0.0,0.5608197919791564
0,23,6.647177672944963,0.0,0.3428854999365285,4.9166963435709476e-05,0.0,0.34304608299862593
0,24,95.51103362918366,0.0,0.23364541598130018,7.154198829084635e-05,0.0,0.23388129100203514
0,25,80.71692891605198,0.0,0.7084422080079094,6.0041958931833506e-05,0.0,0.7086609170073643
0,26,83.01360333274049,0.0,0.20545316603966057,4.2875995859503746e-05,0.0,0.2055935409734957
0,27,108.53739505338575,0.0,1.335837332997471,9.037501877173781e-05,0.0,1.3360654170392081
0,28,110.35704479241554,0.0,1.3213201669277623,5.833397153764963e-05,0.0,1.3215100000379607
0,29,89.94473882497277,0.0,0.45353866793448105,4.1041988879442215e-05,0.0,0.45367341698147357
0,30,167.48222085251473,0.0,0.21037283400073647,5.51670091226697e-05,0.0,0.21054350002668798
0,31,69.9584113318706,0.0,0.929723333043512,6.412499351426959e-05,0.0,0.9299232499906793
0,32,106.79531927441712,0.0,0.10208679101197049,3.6376004572957754e-05,0.0,0.1022238340228796
0,33,75.76552536792587,0.0,0.41299416695255786,4.025001544505358e-05,0.0,0.41312562499661
0,34,57.45810249062053,0.0,0.773909957963042,5.783303640782833e-05,0.0,0.7740954170003533
0,35,56.6000571570805,0.0,0.3911679170560092,4.258396802470088e-05,0.0,0.39131508400896564
0,36,96.11311549029779,0.0,0.19674625003244728,4.0083948988467455e-05,0.0,0.1968662500148639
0,37,79.04344115965068,0.0,0.686288958939258,6.258400389924645e-05,0.0,0.6864798340247944
0,38,50.160182112989546,0.0,0.12398425000719726,3.999995533376932e-05,0.0,0.12412237504031509
0,39,54.2887506068579,0.0,0.46952483407221735,4.57499991171062e-05,0.0,0.46966616599820554
0,40,44.113457511298435,0.0,0.7887873319559731,5.51670091226697e-05,0.0,0.7889714580378495
0,41,18.877703620135435,0.0,0.46541454299585894,7.170799653977156e-05,0.0,0.46561000001383945
0,42,114.7939920178959,0.0,0.1901903750258498,4.1248975321650505e-05,0.0,0.19033104099798948
0,43,97.41309320216533,0.0,0.47679337504087016,5.337502807378769e-05,0.0,0.4769571250071749
0,44,96.11419068465699,0.0,0.5177922919974662,6.416701944544911e-05,0.0,0.5179820830235258
0,45,279.8661610050527,0.0,1.2856182919931598,7.06250430084765e-05,0.0,1.2858321669627912
0,46,118.6877807425335,0.0,0.7173901660135016,6.079196464270353e-05,0.0,0.7175825000158511
0,47,82.91796981170774,0.0,0.3273330010124482,5.2749994210898876e-05,0.0,0.3274895829963498
0,48,0.0,0.0,0.09961429197574034,4.7667010221630335e-05,0.0,0.09976704197470099
1,0,0.0,0.0,0.3232974999700673,4.858296597376466e-05,0.0,0.3234059590031393
1,1,1.376026751992141,0.0,1.1690779569908045,7.24589335732162e-05,0.0,1.1692931659636088
1,2,57.341927563772344,0.0,0.09076037496561185,4.758400609716773e-05,0.0,0.09090495796408504
1,3,0.0,0.0,0.06519970810040832,4.8499961849302053e-05,0.0,0.0653350839857012
2,0,0.0,0.0,0.08216941589489579,4.8957939725369215e-05,0.0,0.08226991700939834
2,1,1.284445623721643,0.0,0.3216806660639122,4.545797128230333e-05,0.0,0.3218152499757707
2,2,8.048155450787696,0.0,0.3386490009725094,8.27079638838768e-05,0.0,0.33888237504288554
2,3,1.9689793745827018,0.0,0.08305724908132106,5.0374947022646666e-05,0.0,0.08319854200817645
2,4,2.1252191425581373,0.0,0.08505024993792176,3.9457983803004026e-05,0.0,0.08515541697852314
2,5,46.62994150592465,0.0,0.0815812919754535,4.4000043999403715e-05,0.0,0.08171225001569837
2,6,81.23983971608826,0.0,0.32909395900787786,4.57499991171062e-05,0.0,0.32922958297422156
2,7,192.3260637173534,0.0,0.31686595897190273,3.9832957554608583e-05,0.0,0.3169903329689987
2,8,203.03291076357525,0.0,0.4740504580549896,6.116594886407256e-05,0.0,0.47424279199913144
2,9,21.28779691688368,0.0,0.1422979579656385,5.758303450420499e-05,0.0,0.14246866601752117
2,10,18.369808910797175,0.0,0.3245038340683095,4.27919439971447e-05,0.0,0.32462841598317027
2,11,20.363009387045672,0.0,0.15910087496740744,4.779198206961155e-05,0.0,0.159252125013154
2,12,17.85294527890573,0.0,0.663061958970502,4.354200791567564e-05,0.0,0.6631938339560293
2,13,20.40516454795128,0.0,0.3505437499843538,4.04169550165534e-05,0.0,0.35067120898747817
2,14,17.820741480113867,0.0,0.8946543739293702,5.345797399058938e-05,0.0,0.8948276250157505
2,15,50.88897184064581,0.0,0.3530893739662133,4.154100315645337e-05,0.0,0.3532419999828562
2,16,17.608779349681193,0.0,0.059290958975907415,4.012399585917592e-05,0.0,0.059414708986878395
2,17,15.57985369008545,0.0,0.33573220804100856,5.316699389368296e-05,0.0,0.33587700000498444
2,18,14.601240553330204,0.0,0.33496162510709837,5.6333024986088276e-05,0.0,0.335129874991253
2,19,17.642012780093545,0.0,0.06917820795206353,4.2374012991786e-05,0.0,0.06931716698454693
2,20,13.315715122811827,0.0,0.3241851249476895,5.0833041314035654e-05,0.0,0.32434200000716373
2,21,14.28563834978312,0.0,0.07114020799053833,4.7042034566402435e-05,0.0,0.07127474999288097
2,22,14.253061634014848,0.0,0.08723229292081669,4.3500971514731646e-05,0.0,0.08736170904012397
2,23,14.25860235178942,0.0,0.10003991692792624,4.437501775100827e-05,0.0,0.1001841250108555
2,24,22.09102815361532,0.0,0.3387401250656694,4.174897912889719e-05,0.0,0.3388696250040084
2,25,9.665551924041015,0.0,0.07503129198448732,4.704197635874152e-05,0.0,0.075162332970649
2,26,9.624644451222068,0.0,0.07097408210393041,3.908301005139947e-05,0.0,0.07108187500853091
2,27,9.627966566423947,0.0,0.09346978995017707,4.112598253414035e-05,0.0,0.09358699998119846
2,28,10.728671865667568,0.0,0.31392345804488286,3.8623984437435865e-05,0.0,0.3140354999923147
2,29,4.2028032878035795,0.0,0.09629941708408296,5.062500713393092e-05,0.0,0.09645875002024695
2,30,4.163149821721451,0.0,0.7958306240616366,4.329101648181677e-05,0.0,0.7959635830484331
2,31,3.220897740147283,0.0,0.062381917028687894,3.854098031297326e-05,0.0,0.06248529197182506
2,32,6.795753255104248,0.0,0.3151730000390671,4.75000124424696e-05,0.0,0.31532262498512864
2,33,3.27953093271865,0.0,0.07811774994479492,9.458203567191958e-05,0.0,0.0783243749756366
2,34,3.225195055101313,0.0,0.714007333968766,5.30409743078053e-05,0.0,0.7141688330448233
2,35,3.226198421156539,0.0,0.07458608399610966,4.429090768098831e-05,0.0,0.07471416698535904
2,36,5.212226180803537,0.0,0.3120559999952093,4.437501775100827e-05,0.0,0.31218716700095683
2,37,3.227765288118867,0.0,0.07860708399675786,3.8792029954493046e-05,0.0,0.0787163749919273
2,38,3.228370197438295,0.0,0.061949499999172986,3.779097460210323e-05,0.0,0.06205687503097579
2,39,2.809815326273153,0.0,0.30843379197176546,4.0624989196658134e-05,0.0,0.30854774999897927
2,40,3.2293107197018784,0.0,0.0886954580200836,4.145794082432985e-05,0.0,0.08881495799869299
2,41,23.30250042339057,0.0,0.3186186670209281,3.850000211969018e-05,0.0,0.3187410830287263
2,42,8.841035918184417,0.0,0.3287582501070574,6.254203617572784e-05,0.0,0.3289452079916373
2,43,3.2836415248347777,0.0,0.08530362497549504,5.2875024266541004e-05,0.0,0.08544766705017537
2,44,3.2304556906392072,0.0,0.10139729105867445,9.041698649525642e-05,0.0,0.10163616697536781
2,45,3.2306392077640353,0.0,0.1750361270387657,6.595702143386006e-05,0.0,0.17522308300249279
2,46,21.58457025264056,0.0,0.34653591795358807,5.5958982557058334e-05,0.0,0.3467006250284612
2,47,3.2921190934737723,0.0,0.08645545894978568,4.0624989196658134e-05,0.0,0.08657474996289238
2,48,0.0,0.0,0.07885054202051833,4.912505391985178e-05,0.0,0.0789939159876667
3,0,0.0,0.0,0.10499537596479058,4.670704947784543e-05,0.0,0.10510637500556186
3,1,4.251632466724043,0.0,0.0886271249037236,5.324900848791003e-05,0.0,0.08879199996590614
3,2,4.3844415633413725,0.0,0.09845545806456357,5.416700150817633e-05,0.0,0.0986150840180926
3,3,17.79044119826495,0.0,1.0739044600049965,5.366699770092964e-05,0.0,1.0740665000048466
3,4,0.0,0.0,0.9348090820712969,4.6874978579580784e-05,0.0,0.9350034579983912
4,0,0.0,0.0,0.60104741709074,4.733301466330886e-05,0.0,0.6011586670065299
4,1,0.0,0.0,0.07839804195100442,4.2249972466379404e-05,0.0,0.07852516596904024
5,0,0.0,0.0,0.8917344159563072,5.5957993026822805e-05,0.0,0.8918577919830568
5,1,148.95255946234735,0.0,0.8590157909784466,5.616701673716307e-05,0.0,0.8591742080170661
5,2,91.30763370280536,0.0,0.9189062489313073,3.99160198867321e-05,0.0,0.91902841697447
5,3,5.615363901103386,0.0,0.07274725096067414,4.941597580909729e-05,0.0,0.07288191700354218
5,4,7.476832472514349,0.0,0.8453904599300586,4.6791043132543564e-05,0.0,0.8455212090048008
5,5,3.024712547890033,0.0,0.09160916693508625,5.041796248406172e-05,0.0,0.09176079201279208
5,6,6.179197349252519,0.0,0.10889229102758691,3.866601036861539e-05,0.0,0.1089992499910295
5,7,0.549039785492484,0.0,0.07477037591161206,5.3874042350798845e-05,0.0,0.07492095802444965
5,8,0.0,0.0,1.8033811660134234,5.791697185486555e-05,0.0,1.8035619580186903
6,0,0.0,0.0,0.07575658400310203,5.5833952501416206e-05,0.0,0.07587349996902049
6,1,0.0,0.0,0.08731208404060453,4.449900006875396e-05,0.0,0.0874465000233613
7,0,0.0,0.0,0.0884343350189738,6.191700231283903e-05,0.0,0.08856429200386629
7,1,0.0,0.0,0.09043512603966519,9.370897896587849e-05,0.0,0.09070525004062802
8,0,0.0,0.0,0.08697028999449685,4.3459003791213036e-05,0.0,0.08709325001109391
8,1,0.0,0.0,0.07401983300223947,4.575005732476711e-05,0.0,0.07416208396898583
9,0,0.0,0.0,0.07260395900812,4.791701212525368e-05,0.0,0.07269866700517014
9,1,0.0,0.0,0.09022129193181172,4.3873966205865145e-05,0.0,0.09033520799130201
10,0,0.0,0.0,0.0671866670018062,4.479201743379235e-05,0.0,0.06729433400323614
10,1,0.0,0.0,0.08599291701102629,6.429204950109124e-05,0.0,0.08616545901168138
11,0,0.0,0.0,1.5956620830111206,6.358197424560785e-05,0.0,1.5958176670246758
11,1,0.0,0.0,0.07858770806342363,4.279095446690917e-05,0.0,0.07871254201745614
12,0,0.0,0.0,0.0700896680355072,3.7709076423197985e-05,0.0,0.07017487497068942
12,1,0.0,0.0,0.08397174999117851,5.5582961067557335e-05,0.0,0.08411829202668741
13,0,0.0,0.0,0.08196787600172684,3.891700180247426e-05,0.0,0.08205837500281632
13,1,0.0,0.0,0.07179929199628532,4.433299181982875e-05,0.0,0.0719426249852404
14,0,0.0,0.0,0.07381254195934162,4.062504740431905e-05,0.0,0.0739049999974668
14,1,0.0,0.0,0.07897729199612513,4.958297358825803e-05,0.0,0.07912220899015665
15,0,0.0,0.0,0.07622887403704226,5.704199429601431e-05,0.0,0.07634787500137463
15,1,0.0,0.0,0.08698862604796886,4.129100125283003e-05,0.0,0.0871086249826476
16,0,0.0,0.0,0.07014070701552555,6.537599256262183e-05,0.0,0.07026233401848003
16,1,0.0,0.0,0.0757541679777205,4.4791027903556824e-05,0.0,0.07588583295000717
17,0,0.0,0.0,0.07265937502961606,0.00010162399848923087,0.0,0.07289483299246058
17,1,0.0,0.0,0.0717992489808239,4.250003257766366e-05,0.0,0.07193362497491762
18,0,0.0,0.0,0.09693558304570615,4.791701212525368e-05,0.0,0.09704004199011251
18,1,0.0,0.0,0.7950385830481537,6.187398685142398e-05,0.0,0.7952112500206567
19,0,0.0,0.0,0.09252845705486834,5.5917014833539724e-05,0.0,0.0926587080466561
19,1,0.0,0.0,0.0649693330633454,4.1209044866263866e-05,0.0,0.0651042090030387
20,0,0.0,0.0,0.07828066707588732,5.0084025133401155e-05,0.0,0.07837954204296693
20,1,0.0,0.0,0.07812241598730907,4.0624989196658134e-05,0.0,0.07823833299335092
21,0,0.0,0.0,0.0823178329737857,3.900093724951148e-05,0.0,0.08241362503031269
21,1,0.0,0.0,0.0924870420130901,4.6667002607136965e-05,0.0,0.09262808301718906
22,0,0.0,0.0,0.11933104100171477,4.1584018617868423e-05,0.0,0.11942808399908245
22,1,1.9833106270843857,0.0,0.08934450102970004,0.00010216701775789261,0.0,0.089550957956817
22,2,0.0,0.0,0.08662341703893617,3.833294613286853e-05,0.0,0.0867335419752635
23,0,0.0,0.0,0.07185483403736725,3.954197745770216e-05,0.0,0.07195829198462889
23,1,0.0,0.0,0.07990654197055846,4.57499991171062e-05,0.0,0.08003508299589157
24,0,0.0,0.0,0.07869533298071474,4.6124972868710756e-05,0.0,0.07880466600181535
24,1,1.209810133968647,0.0,0.08062066702404991,3.849901258945465e-05,0.0,0.08073829201748595
24,2,0.0,0.0,0.08634391793748364,4.437397001311183e-05,0.0,0.0864644160028547
25,0,0.0,0.0,0.07990658399648964,3.866699989885092e-05,0.0,0.07998587499605492
25,1,56.4168760042558,0.0,0.07876383309485391,0.00018704100511968136,0.0,0.07907795801293105
25,2,131.01759869450947,0.0,0.12374437495600432,5.3916010074317455e-05,0.0,0.12391295901034027
25,3,99.12029446292891,0.0,0.0690937100443989,4.0834012906998396e-05,0.0,0.06921362498542294
25,4,58.32888688994514,0.0,0.08840579102979973,5.291705019772053e-05,0.0,0.08856604102766141
25,5,21.154351853374934,0.0,0.06290345801971853,3.895797999575734e-05,0.0,0.06302520795725286
25,6,21.1521862964438,0.0,0.06833008409012109,5.241704639047384e-05,0.0,0.06847141595790163
25,7,22.308741344978728,0.0,0.08621404098812491,4.645896842703223e-05,0.0,0.08637204195838422
25,8,22.30690331745715,0.0,0.07427708199247718,4.3583044316619635e-05,0.0,0.07440362498164177
25,9,22.664640554723753,0.0,0.2128558350377716,4.212500061839819e-05,0.0,0.21298991702497005
25,10,18.60297663448408,0.0,0.09159591695060953,3.9832957554608583e-05,0.0,0.09170508297393098
25,11,13.438759416479584,0.0,0.059843376046046615,3.787496825680137e-05,0.0,0.05994312500115484
25,12,13.437219478393274,0.0,0.07604374998481944,4.095799522474408e-05,0.0,0.07615612499648705
25,13,13.435908110973287,0.0,0.07398091611685231,3.720802487805486e-05,0.0,0.07408450002549216
25,14,13.434792063707572,0.0,0.08355283306445926,3.937393194064498e-05,0.0,0.08365920797223225
25,15,13.433843173031761,0.0,0.07546195801114663,3.825000021606684e-05,0.0,0.07557354198070243
25,16,13.433036717598107,0.0,0.0646555409184657,3.858399577438831e-05,0.0,0.0647712919744663
25,17,13.432351941874547,0.0,0.0628093330306001,3.8624973967671394e-05,0.0,0.06290987500688061
25,18,6.875346562199841,0.0,0.7493452489143237,4.0584011003375053e-05,0.0,0.749469832982868
25,19,39.92282358796531,0.0,0.09119808301329613,5.500100087374449e-05,0.0,0.09134754200931638
25,20,1.0463296064363643,0.0,0.09511187404859811,5.4333999287337065e-05,0.0,0.0952670419937931
25,21,0.8294691039342403,0.0,0.07109645899618044,4.9083027988672256e-05,0.0,0.07124170899624005
25,22,0.0,0.0,0.09499075001804158,4.574900958687067e-05,0.0,0.09511325001949444
26,0,0.0,0.0,0.08200579200638458,4.0790997445583344e-05,0.0,0.08209437498589978
26,1,0.0,0.0,0.058385749987792224,3.9458973333239555e-05,0.0,0.05849654204212129
27,0,0.0,0.0,0.08598904201062396,4.395801806822419e-05,0.0,0.08607924997340888
27,1,0.0,0.0,0.08172833302523941,4.33750101365149e-05,0.0,0.08185824996326119
28,0,0.0,0.0,0.08876487403176725,5.616701673716307e-05,0.0,0.08888629201101139
28,1,34.54617440843144,0.0,0.07985891803400591,3.84590239264071e-05,0.0,0.07996895798714831
28,2,0.0,0.0,0.07032520812936127,4.716700641438365e-05,0.0,0.07047516602324322
29,0,0.0,0.0,0.061278999026399106,4.0793034713715315e-05,0.0,0.061373959004413337
29,1,0.0,0.0,0.06171566597186029,4.433398135006428e-05,0.0,0.061840582988224924
30,0,0.0,0.0,0.0641831670072861,4.429102409631014e-05,0.0,0.06427212501876056
30,1,0.0,0.0,0.07487558299908414,7.649901090189815e-05,0.0,0.07505562499864027
31,0,0.0,0.0,0.06620741600636393,3.779196413233876e-05,0.0,0.06629829102894291
31,1,31.626457093939493,0.0,0.07030366791877896,4.604208515956998e-05,0.0,0.07044020801549777
31,2,170.4534398081739,0.0,0.11329166602808982,3.887602360919118e-05,0.0,0.11342100001638755
31,3,122.02645300374576,0.0,0.07601358502870426,4.454102599993348e-05,0.0,0.0761373330024071
31,4,56.03464368037015,0.0,0.09803654201095924,7.391697727143764e-05,0.0,0.09822045802138746
31,5,22.044068252828694,0.0,0.912781624996569,4.816707223653793e-05,0.0,0.9129251670092344
31,6,23.786044421402515,0.0,0.4440936659811996,0.0001277500414289534,0.0,0.44435191596858203
31,7,24.23205663071476,0.0,0.7569764159852639,4.0708924643695354e-05,0.0,0.7571178749785759
31,8,24.221012171966137,0.0,0.1392939150100574,5.566602339968085e-05,0.0,0.13946991704870015
31,9,25.081494649094957,0.0,0.8214847500203177,4.5707973185926676e-05,0.0,0.8216175410198048
31,10,24.78825424201225,0.0,0.952741167973727,5.9790967497974634e-05,0.0,0.9529180829995312
31,11,23.673621597891078,0.0,0.961336666950956,5.1749986596405506e-05,0.0,0.9615371659747325
31,12,22.99361808163851,0.0,0.1827400420443155,7.591600297018886e-05,0.0,0.18295041704550385
31,13,21.2557918099415,0.0,0.06908391596516594,4.0792045183479786e-05,0.0,0.06921291694743559
31,14,17.592799681256814,0.0,0.0732678760541603,5.1125010941177607e-05,0.0,0.07340512494556606
31,15,12.423999898075287,0.0,0.0743682489846833,3.804202424362302e-05,0.0,0.07447191700339317
31,16,12.42049517974116,0.0,0.08105062507092953,3.7165998946875334e-05,0.0,0.08116737502859905
31,17,12.417821700434136,0.0,0.07685508386930451,4.054198507219553e-05,0.0,0.07697883399669081
31,18,12.415345952981767,0.0,0.06429137493250892,5.187507485970855e-05,0.0,0.06443625001702458
31,19,12.413286816081133,0.0,0.06453037506435066,4.1791005060076714e-05,0.0,0.0646581249893643
31,20,11.203365505245308,0.0,0.7154217910137959,5.820801015943289e-05,0.0,0.715571083012037
31,21,6.938141929952074,0.0,0.0704290839494206,3.9790989831089973e-05,0.0,0.07055358297657222
31,22,5.270463947783519,0.0,0.06503658392466605,5.312502617016435e-05,0.0,0.06518545903963968
31,23,5.269152295908377,0.0,0.06192395801190287,5.066697485744953e-05,0.0,0.062045375001616776
31,24,5.268175164458995,0.0,0.07841670804191381,4.45000478066504e-05,0.0,0.07855087501229718
31,25,5.267411110512416,0.0,0.06531729100970551,4.445796366780996e-05,0.0,0.0654584169969894
31,26,5.266646883347363,0.0,0.06599258305504918,4.45000478066504e-05,0.0,0.06612020800821483
31,27,5.265821654577103,0.0,0.06236154091311619,5.4250063840299845e-05,0.0,0.0625132920104079
31,28,5.265332255295466,0.0,0.06230341602349654,5.7999975979328156e-05,0.0,0.06246479199035093
31,29,5.265026137202582,0.0,0.0642970009939745,5.387607961893082e-05,0.0,0.06444745900807902
31,30,5.264659163291899,0.0,0.06681304192170501,5.379098001867533e-05,0.0,0.06696350005222484
31,31,5.264383906311558,0.0,0.056607167003676295,3.812601789832115e-05,0.0,0.056715333950705826
31,32,5.2638646495639705,0.0,0.056306042009964585,3.704201662912965e-05,0.0,0.05640870798379183
31,33,0.405587939908191,0.0,0.07683875091606751,3.912497777491808e-05,0.0,0.07697116700001061
31,34,0.01450492531850145,0.0,0.07520670804660767,4.191597690805793e-05,0.0,0.07532637502299622
31,35,0.014382673840611204,0.0,0.06943325005704537,4.641700070351362e-05,0.0,0.06957279203925282
31,36,0.014229937631601075,0.0,0.06367129099089652,5.9624959249049425e-05,0.0,0.06384725001407787
31,37,0.0,0.0,0.06251441594213247,3.829202614724636e-05,0.0,0.06263529194984585
32,0,0.0,0.0,0.0721801669569686,3.8499943912029266e-05,0.0,0.07226545800222084
32,1,0.0,0.0,0.06079120800131932,4.4249987695366144e-05,0.0,0.06094008299987763
33,0,0.0,0.0,0.08206241496372968,4.141696263104677e-05,0.0,0.08216683298815042
33,1,0.0,0.0,0.05994812597054988,5.21670444868505e-05,0.0,0.06010150001384318
34,0,0.0,0.0,0.06900033308193088,4.5625027269124985e-05,0.0,0.06909633299801499
34,1,0.0,0.0,0.07116270792903379,4.7833018470555544e-05,0.0,0.071311041014269
35,0,0.0,0.0,0.05884187400806695,4.495796747505665e-05,0.0,0.058934542001225054
35,1,0.0,0.0,0.08258274995023385,4.491704748943448e-05,0.0,0.08271291700657457
36,0,0.0,0.0,0.09365399897797033,4.408392123878002e-05,0.0,0.09375800000270829
36,1,0.0,0.0,0.0654446259723045,5.770899588242173e-05,0.0,0.06559658300830051
37,0,0.0,0.0,0.08277616702252999,3.812601789832115e-05,0.0,0.08286108303582296
37,1,0.0,0.0,0.06743629107950255,4.3249980080872774e-05,0.0,0.06756054097786546
38,0,0.0,0.0,0.08079945796635002,4.254101077094674e-05,0.0,0.08089629100868478
38,1,0.0,0.0,0.06953112501651049,5.5917014833539724e-05,0.0,0.06968787498772144
39,0,0.0,0.0,0.07652008294826373,5.691696424037218e-05,0.0,0.07664274994749576
39,1,146.29637518698064,0.0,0.07517112494679168,4.0541053749620914e-05,0.0,0.07530208298703656
39,2,95.88797829135385,0.0,0.08967949799261987,6.250099977478385e-05,0.0,0.08986262499820441
39,3,100.85443342708376,0.0,0.08078533306252211,4.033301956951618e-05,0.0,0.08092012495035306
39,4,76.9650542419729,0.0,0.08929249999346212,4.637602251023054e-05,0.0,0.08943312498740852
39,5,15.867762732079477,0.0,0.07020683394512162,4.733301466330886e-05,0.0,0.07033912499900907
39,6,15.696702977010414,0.0,0.062216251040808856,6.675004260614514e-05,0.0,0.062378707982134074
39,7,17.362235571184137,0.0,0.07193816598737612,3.804208245128393e-05,0.0,0.07204620901029557
39,8,20.256357821964023,0.0,0.07416041707620025,5.120900459587574e-05,0.0,0.07431545900180936
39,9,17.06523246256046,0.0,0.0656852510292083,3.820896381512284e-05,0.0,0.06579929095460102
39,10,12.654988018213096,0.0,0.06934400007594377,4.6959088649600744e-05,0.0,0.06948879099218175
39,11,11.508207241762342,0.0,0.08468266599811614,5.6416960433125496e-05,0.0,0.08482416596962139
39,12,11.412697752284423,0.0,0.06574412499321625,4.1418010368943214e-05,0.0,0.06586525001330301
39,13,4.73799804017926,0.0,0.06125828996300697,4.6043016482144594e-05,0.0,0.0614012919832021
39,14,3.066474735940954,0.0,0.06124650000128895,5.737401079386473e-05,0.0,0.061407958972267807
39,15,3.058373500360233,0.0,0.059293416037689894,5.945900920778513e-05,0.0,0.05946754099568352
39,16,3.0519326224342223,0.0,0.058448666939511895,3.854098031297326e-05,0.0,0.05856145900906995
39,17,0.0,0.0,0.0808966250042431,3.962503978982568e-05,0.0,0.0810154159553349
40,0,0.0,0.0,0.06187270797090605,5.7792000006884336e-05,0.0,0.061985415988601744
40,1,0.0,0.0,0.09057691594352946,4.0917017031461e-05,0.0,0.09069454099517316
41,0,0.0,0.0,0.8985666250810027,4.0706945583224297e-05,0.0,0.8986566250096075
41,1,0.0,0.0,0.07534545793896541,4.733400419354439e-05,0.0,0.07548712496645749
42,0,0.0,0.0,0.08334983396343887,4.029099363833666e-05,0.0,0.08344066701829433
42,1,0.0,0.0,0.05482283397577703,3.7999998312443495e-05,0.0,0.05493008403573185
43,0,0.0,0.0,0.06332033302169293,3.858399577438831e-05,0.0,0.0634037500130944
43,1,0.0,0.0,0.0540190429892391,3.7541030906140804e-05,0.0,0.05411949998233467
44,0,0.0,0.0,0.058497542049735785,4.854198778048158e-05,0.0,0.0585891249938868
44,1,0.0,0.0,0.058401415997650474,3.6959012504667044e-05,0.0,0.05849687504814938
45,0,0.0,0.0,0.06454166705952957,4.716595867648721e-05,0.0,0.06463170796632767
45,1,56.367256156405375,0.0,0.09828970703529194,5.079200491309166e-05,0.0,0.09843945800093934
45,2,148.11810058463254,0.0,0.08492954197572544,4.749902291223407e-05,0.0,0.08507404197007418
45,3,154.1051600214013,0.0,0.9498981249635108,6.24579843133688e-05,0.0,0.9500965409679338
45,4,154.80146077329732,0.0,0.6708937100484036,4.291703226044774e-05,0.0,0.6710244999849238
45,5,104.15089904863869,0.0,0.35157937492476776,5.0333968829363585e-05,0.0,0.35172041703481227
45,6,104.12340154577404,0.0,0.6820712490007281,4.666694439947605e-05,0.0,0.6822156249545515
45,7,101.46708215216003,0.0,0.8371727909543552,4.516594344750047e-05,0.0,0.8373152499552816
45,8,19.899262451235757,0.0,0.3212610839982517,4.32920060120523e-05,0.0,0.32139429199742153
45,9,19.215096474340456,0.0,0.5710500419372693,4.287500632926822e-05,0.0,0.5711797080002725
45,10,17.55337604592323,0.0,0.9825255430187099,4.204094875603914e-05,0.0,0.9826506670215167
45,11,18.10972957352918,0.0,0.16910770791582763,4.920695209875703e-05,0.0,0.16924929100787267
45,12,16.85947209366777,0.0,0.1158286250429228,4.083302337676287e-05,0.0,0.11594795802375302
45,13,15.829464115997837,0.0,0.9634960840339772,4.550005542114377e-05,0.0,0.9636492079589516
45,14,15.584159420126582,0.0,0.06947316799778491,7.404206553474069e-05,0.0,0.06963208300294355
45,15,15.460206367990317,0.0,0.06452337600057945,4.462397191673517e-05,0.0,0.06465679098619148
45,16,15.453197144716182,0.0,0.06712245807284489,4.241598071530461e-05,0.0,0.06724258296890184
45,17,15.446712022916046,0.0,0.08174283494008705,4.1207997128367424e-05,0.0,0.08188045804854482
45,18,15.441477634984043,0.0,0.07808820804348215,5.524995503947139e-05,0.0,0.07826129195746034
45,19,15.437244406430878,0.0,0.07936433400027454,4.1000021155923605e-05,0.0,0.07949437497882172
45,20,15.433519214261217,0.0,0.08124579297145829,4.279200220480561e-05,0.0,0.08137054200051352
45,21,11.708628249103278,0.0,0.08025445794919506,5.087495082989335e-05,0.0,0.08040645800065249
45,22,11.70589346804029,0.0,0.0872404599795118,4.487502155825496e-05,0.0,0.08738162502413616
45,23,11.703171654852198,0.0,0.06394649896537885,4.208402242511511e-05,0.0,0.06407133402535692
45,24,11.701680370986999,0.0,0.06491033296333626,4.237500252202153e-05,0.0,0.0650328749907203
45,25,11.699464023682587,0.0,0.06442495895316824,4.3124950025230646e-05,0.0,0.06455483299214393
45,26,6.55920889573612,0.0,0.07393366791075096,4.108401481062174e-05,0.0,0.07405354198999703
45,27,249.88864078094923,0.0,0.09741583396680653,4.0832965169101954e-05,0.0,0.09754520800197497
45,28,92.39927736985788,0.0,0.08965729008195922,4.9209047574549913e-05,0.0,0.08981412503635511
45,29,92.61280596265314,0.0,0.07498366700019687,4.641595296561718e-05,0.0,0.07512637501349673
45,30,6.961750121035326,0.0,0.08187608292791992,6.683304673060775e-05,0.0,0.08207599999150261
45,31,6.961749971177788,0.0,0.06404966698028147,4.087499110028148e-05,0.0,0.06417991599300876
45,32,6.962238152560765,0.0,0.07844608405139297,4.433299181982875e-05,0.0,0.07857829198474064
45,33,9.761078617166525,0.0,0.0694223340251483,6.449996726587415e-05,0.0,0.06959287502104416
45,34,10.997162557338434,0.0,0.08900566794909537,4.037498729303479e-05,0.0,0.0891267090337351
45,35,7.369254851686957,0.0,0.06844524998450652,4.2541942093521357e-05,0.0,0.06856599997263402
45,36,6.5506220849253936,0.0,0.0908599590184167,4.8416026402264833e-05,0.0,0.0910240420489572
45,37,6.550377736437802,0.0,0.1355092919548042,3.7999998312443495e-05,0.0,0.1356149580096826
45,38,6.550133473211165,0.0,0.060894333058968186,6.17919722571969e-05,0.0,0.06106495804851875
45,39,2.815758403739949,0.0,0.07750004198169336,4.237500252202153e-05,0.0,0.07762279198504984
45,40,1.0777212568013557,0.0,0.07366049994016066,3.891700180247426e-05,0.0,0.0737762080389075
45,41,0.0,0.0,0.08692012599203736,5.479203537106514e-05,0.0,0.08710195799358189
46,0,0.0,0.0,0.06970641593215987,4.312500823289156e-05,0.0,0.06981141696451232
46,1,0.0,0.0,0.06913862598594278,5.5583950597792864e-05,0.0,0.0692950839875266
47,0,0.0,0.0,0.06930241599911824,5.841598613187671e-05,0.0,0.06941224995534867
47,1,0.0,0.0,0.06695304199820384,3.9999024011194706e-05,0.0,0.06707404198823497
48,0,0.0,0.0,0.0733218330424279,3.858294803649187e-05,0.0,0.07341445802012458
48,1,0.0,0.0,0.07865150098223239,5.562498699873686e-05,0.0,0.07881179201649502
49,0,0.0,0.0,0.09327079198556021,4.791701212525368e-05,0.0,0.09339066699612886
49,1,0.0,0.0,0.08656616799999028,5.320901982486248e-05,0.0,0.08671712497016415
50,0,0.0,0.0,0.09421650192234665,5.4750998970121145e-05,0.0,0.09433295798953623
50,1,0.0,0.0,0.06224945996655151,3.8707978092134e-05,0.0,0.062369917053729296
51,0,0.0,0.0,0.07719979103421792,5.262496415525675e-05,0.0,0.07731125003192574
51,1,148.5896395276066,0.0,0.23085820698179305,5.858304211869836e-05,0.0,0.23103058303240687
51,2,152.66986687577491,0.0,0.6881650831201114,4.858296597376466e-05,0.0,0.6883149580098689
51,3,93.37732231437518,0.0,0.07311179104726762,3.770797047764063e-05,0.0,0.07322208298137411
51,4,92.24943404462498,0.0,0.06777816597605124,4.8459041863679886e-05,0.0,0.06790212501073256
51,5,16.05575291534726,0.0,0.08286637597484514,4.1458988562226295e-05,0.0,0.08298533299239352
51,6,15.110735829584243,0.0,0.537944832991343,4.050001734867692e-05,0.0,0.5380686249700375
51,7,16.056324645559837,0.0,0.8603000829461962,6.112497067078948e-05,0.0,0.86051404196769
51,8,14.599639031159718,0.0,0.4537357079680078,5.8166973758488894e-05,0.0,0.45389008399797603
51,9,16.477829609297885,0.0,0.888172416947782,5.3833937272429466e-05,0.0,0.8883328749798238
51,10,16.091008700315747,0.0,0.9850399170536548,6.9500005338341e-05,0.0,0.9852362080127932
51,11,10.10159475149684,0.0,0.06129574996884912,3.820803249254823e-05,0.0,0.06140704097924754
51,12,5.197053020092682,0.0,0.06207554193679243,3.979104803875089e-05,0.0,0.06218841701047495
51,13,7.5035577297421625,0.0,0.0636818750645034,5.283299833536148e-05,0.0,0.06382924999343231
51,14,4.716191383117625,0.0,0.06915941700572148,4.241697024554014e-05,0.0,0.06929129199124873
51,15,5.896650785026594,0.0,0.06464679195778444,5.324999801814556e-05,0.0,0.06478420796338469
51,16,5.901675093090276,0.13481756287148094,0.06489095807773992,4.212500061839819e-05,0.0,0.06501220900099725
51,17,219.80329398070748,0.13481756287148094,0.06239949999144301,4.775001434609294e-05,0.0,0.06254008295945823
51,18,217.13875459883698,0.0,0.07933449995471165,4.2625004425644875e-05,0.0,0.07945845799986273
51,19,104.0893723579119,0.0,0.09519674995681271,4.495901521295309e-05,0.0,0.09533545898739249
51,20,102.62759217509873,0.0,0.5594335850328207,4.958396311849356e-05,0.0,0.559586625022348
51,21,104.12285171584412,0.0,0.3449487930047326,4.095799522474408e-05,0.0,0.34507337503600866
51,22,18.11902423237467,0.0,0.32462533301441,4.075095057487488e-05,0.0,0.3247547090286389
51,23,17.417977215002402,0.0,0.37796087603783235,4.170800093561411e-05,0.0,0.3780892920331098
51,24,17.516354068059275,0.0,0.41930812603095546,4.066602559760213e-05,0.0,0.4194550419924781
51,25,19.855077070137128,0.0,0.4860025009838864,3.9457983803004026e-05,0.0,0.4861250829999335
51,26,20.913938612711895,0.0,0.534379750082735,4.3418025597929955e-05,0.0,0.5345182079472579
51,27,22.208932460159417,0.0,0.7013408339698799,5.595892434939742e-05,0.0,0.701527500001248
51,28,22.45380829290542,0.0,0.9774566249107011,4.308403003960848e-05,0.0,0.9775950839975849
51,29,22.563692797364112,0.0,1.1449219570495188,3.962492337450385e-05,0.0,1.145050082996022
51,30,22.662517562364158,0.0,0.7363513339078054,4.9209047574549913e-05,0.0,0.7365006660111248
51,31,22.955387099030943,0.0,0.8321656670304947,5.1291019190102816e-05,0.0,0.8323312079883181
51,32,22.89724422595802,0.0,0.8953483739751391,6.979104364290833e-05,0.0,0.8955540409660898
51,33,23.10934968776344,0.0,0.06393374892650172,3.8707978092134e-05,0.0,0.06404133298201486
51,34,23.385051370073604,0.0,0.06242187594762072,3.8375030271708965e-05,0.0,0.06253691698657349
51,35,23.586074132187655,0.0,0.07032033411087468,4.2832980398088694e-05,0.0,0.07044399995356798
51,36,23.731201720862245,0.0,0.0603476251126267,3.7582998629659414e-05,0.0,0.06044583296170458
51,37,23.78050529684554,0.0,0.9395757489837706,6.991700502112508e-05,0.0,0.9397674159845337
51,38,23.88611585817351,0.0,0.07112279202556238,4.525005351752043e-05,0.0,0.0712570829782635
51,39,23.989683143704042,0.0,0.06650533195352182,4.070799332112074e-05,0.0,0.06662212498486042
51,40,24.066033123480594,0.0,0.08610799902817234,4.4249987695366144e-05,0.0,0.08624416700331494
51,41,22.456123272750943,0.0,0.7996371650369838,6.791600026190281e-05,0.0,0.7998449160368182
51,42,18.86847159610808,0.0,0.08682495908578858,5.212501855567098e-05,0.0,0.08698820800054818
51,43,14.527828338073391,0.0,0.08269366604508832,5.841691745445132e-05,0.0,0.0828647919697687
51,44,10.078069112824398,0.0,0.09039287600899115,4.841701593250036e-05,0.0,0.09055641602026299
51,45,5.892412529626533,0.0,0.0669684589956887,4.604097921401262e-05,0.0,0.06711979198735207
51,46,2.1627440257211425,0.0,0.9257556669763289,4.058296326547861e-05,0.0,0.9258923750021495
51,47,0.0,0.0,0.0790437909308821,5.541701102629304e-05,0.0,0.07921120902756229
52,0,0.0,0.0,0.7754285829141736,4.120898665860295e-05,0.0,0.7755277910036966
52,1,0.0,0.0,0.05815416801488027,4.616600926965475e-05,0.0,0.058277249976526946
53,0,0.0,0.0,0.0630065849982202,4.704197635874152e-05,0.0,0.06310595897957683
53,1,0.0,0.0,0.0795547500019893,5.483295535668731e-05,0.0,0.07974012498743832
54,0,0.0,0.0,0.08060570800444111,4.174996865913272e-05,0.0,0.08071041700895876
54,1,0.0,0.0,0.07847104303073138,4.7208042815327644e-05,0.0,0.07861825003055856
55,0,0.0,0.0,0.07035412598634139,4.63749747723341e-05,0.0,0.07046854199143127
55,1,0.0,0.0,0.08328462392091751,4.3041014578193426e-05,0.0,0.08342541701858863
56,0,0.0,0.0,0.06321358302375302,4.049902781844139e-05,0.0,0.06329641601769254
56,1,0.0,0.0,0.08105324901407585,4.495796747505665e-05,0.0,0.08117137500084937
57,0,0.0,0.0,0.06070516706677154,3.750098403543234e-05,0.0,0.06077999999979511
57,1,0.0,0.0,0.0714732069754973,4.833302227780223e-05,0.0,0.07160891697276384
58,0,0.0,0.0,0.8349756239913404,7.320899749174714e-05,0.0,0.8351230419939384
58,1,0.6799094837623976,0.0,0.08231212495593354,4.295899998396635e-05,0.0,0.08244729205034673
58,2,0.0,0.0,0.06011287501314655,5.1499984692782164e-05,0.0,0.06026195897720754
59,0,0.0,0.0,0.10441329196328297,5.0125003326684237e-05,0.0,0.10451470897533
59,1,57.52685546875,0.0,0.08945970906643197,4.395900759845972e-05,0.0,0.08957983402069658
59,2,211.8576209993687,0.0,0.839133583009243,6.320799002423882e-05,0.0,0.8393427080009133
59,3,345.2822045364303,0.0,1.2900309160468169,0.00010075001046061516,0.0,1.2902700409758836
59,4,288.38598766292876,0.0,1.1414365009986795,6.84990081936121e-05,0.0,1.1416355409892276
59,5,153.74834449563795,0.0,0.4664010839769617,5.083397263661027e-05,0.0,0.466551374993287
59,6,153.28536993678338,0.0,1.3356773349223658,6.779201794415712e-05,0.0,1.3358863330213353
59,7,155.0608828907786,0.0,0.7382631249492988,5.024997517466545e-05,0.0,0.7384199589723721
59,8,46.78262599835039,0.0,0.16929708200041205,6.491702515631914e-05,0.0,0.16948420798871666
59,9,21.685847729327108,0.0,0.8769970419816673,4.6583067160099745e-05,0.0,0.8771482089650817
59,10,22.593475503877386,0.0,0.6755572510301135,4.425097722560167e-05,0.0,0.6756915830192156
59,11,22.7839447878046,0.0,0.8779846249963157,4.5124965254217386e-05,0.0,0.8781331250211224
59,12,23.105512897598373,0.0,0.8636137909488752,6.591703277081251e-05,0.0,0.8637934590224177
59,13,23.320619072279598,0.0,0.30507024901453406,3.9665959775447845e-05,0.0,0.3052048750105314
59,14,23.50278054054686,0.0,0.07180579198757187,3.8457976188510656e-05,0.0,0.07190770900342613
59,15,23.619167162111324,0.0,0.07286345900502056,3.7999998312443495e-05,0.0,0.07296370796393603
59,16,23.724952283757958,0.0,0.0736131250159815,5.845900159329176e-05,0.0,0.07377466699108481
59,17,24.012663286763072,0.0,0.07343075011158362,5.1957962568849325e-05,0.0,0.07359016698319465
59,18,24.222949119056423,0.0,0.06632591696688905,3.879104042425752e-05,0.0,0.06643812503898516
59,19,24.375872227723505,0.0,0.09892704209778458,6.504205521196127e-05,0.0,0.09909575001802295
59,20,24.48665981243449,0.0,0.07311824994394556,4.216597881168127e-05,0.0,0.07324016699567437
59,21,24.568316430139234,0.0,0.07379545801086351,3.8792029954493046e-05,0.0,0.07391420798376203
59,22,24.627493241740424,0.0,0.08439541602274403,4.633300704881549e-05,0.0,0.08453033299883828
59,23,24.68854507495385,0.0,0.08435670798644423,6.254197796806693e-05,0.0,0.08452724997187033
59,24,24.747599816241916,0.0,0.07294762594392523,4.1457999031990767e-05,0.0,0.07306695898296311
59,25,24.79146341410341,0.0,0.08303208200959489,5.8582983911037445e-05,0.0,0.08319504099199548
59,26,24.82313398182918,0.0,0.07710100099211559,6.600102642551064e-05,0.0,0.07729124999605119
59,27,24.84634470310229,0.0,0.06604254199191928,4.708307096734643e-05,0.0,0.06617279100464657
59,28,24.863347028578637,0.0,0.07956558204023167,3.900006413459778e-05,0.0,0.07967137498781085
59,29,24.87571671387709,0.0,0.08298696007113904,4.0542043279856443e-05,0.0,0.08310029102722183
59,30,24.88513909622258,0.0,0.061402208055369556,5.558301927521825e-05,0.0,0.0615431250189431
59,31,24.891615988331495,0.0,0.672793627018109,6.591604324057698e-05,0.0,0.6729785000206903
59,32,24.89678882309738,0.0,0.06625279103172943,4.6083994675427675e-05,0.0,0.06639354198705405
59,33,24.900540247056227,0.0,0.08102608303306624,3.816699609160423e-05,0.0,0.08113070804392919
59,34,24.90296129062928,0.0,0.07603366608964279,3.816693788394332e-05,0.0,0.07613258302444592
59,35,24.905215944489996,0.0,0.06327870994573459,4.687596810981631e-05,0.0,0.0634089580271393
59,36,24.906740782597126,0.0,0.0665043739718385,7.850094698369503e-05,0.0,0.06671550002647564
59,37,24.907935707390777,0.0,0.0918478739913553,6.13329466432333e-05,0.0,0.09208233404206112
59,38,202.8122518235411,0.0,0.0839802089612931,5.5750017054378986e-05,0.0,0.08415200002491474
59,39,24.909303683750913,0.0,0.9073423760128208,4.562496906146407e-05,0.0,0.9075244580162689
59,40,24.909506572687384,0.0,0.06907437602058053,4.6166940592229366e-05,0.0,0.06921991700073704
59,41,24.90993080962931,0.0,0.7561813750071451,7.108302088454366e-05,0.0,0.7563814169843681
59,42,24.910338681964163,0.0,0.07256033294834197,5.1125010941177607e-05,0.0,0.07270270795561373
59,43,24.91073480486112,0.0,0.11770766705740243,6.108405068516731e-05,0.0,0.11788758402690291
59,44,24.91112249190853,0.0,0.12264733400661498,5.3916999604552984e-05,0.0,0.12280941696371883
59,45,61.233154296875,0.0,0.0761053740279749,4.595902282744646e-05,0.0,0.07623391697416082
59,46,23.27162261468675,0.0,0.10308437491767108,4.0417013224214315e-05,0.0,0.10320595803204924
59,47,20.985986031054125,0.0,0.0644800829468295,5.6374992709606886e-05,0.0,0.06466170802013949
59,48,17.000826964097296,0.0,0.064047918014694,4.6250002924352884e-05,0.0,0.06419895798899233
59,49,12.463793260844078,0.0,0.9401106649893336,6.137503078207374e-05,0.0,0.9402871249476448
59,50,7.947525477594354,0.0,0.07146125007420778,4.5417051296681166e-05,0.0,0.07160504203056917
59,51,3.775619914308429,0.0,0.08301812398713082,4.058296326547861e-05,0.0,0.08314270799746737
59,52,14.2781982421875,0.0,0.7685222080908716,5.445699207484722e-05,0.0,0.7686811659950763
59,53,0.0,0.0,0.08336870797211304,3.841693978756666e-05,0.0,0.0834882499766536
60,0,0.0,0.0,0.06279525003628805,4.0624989196658134e-05,0.0,0.06288295896956697
60,1,53.84046490742428,0.0,0.07754558400483802,5.6958000641316175e-05,0.0,0.0776891250279732
60,2,57.1108647423153,0.0,0.06051141693023965,3.691698657348752e-05,0.0,0.06062166701303795
60,3,0.0,0.0,0.06471495795994997,5.079206312075257e-05,0.0,0.06483474996639416
61,0,0.0,0.0,0.6623063330189325,6.258400389924645e-05,0.0,0.6624235829804093
61,1,0.0,0.0,0.056071334052830935,3.9000005926936865e-05,0.0,0.05618616699939594
62,0,0.0,0.0,0.06082566606346518,5.024997517466545e-05,0.0,0.060918834002222866
62,1,0.0,0.0,0.05487704201368615,3.691599704325199e-05,0.0,0.05497700005071238
63,0,0.0,0.0,0.061073085002135485,3.945804201066494e-05,0.0,0.06115050002699718
63,1,0.0,0.0,0.07922674994915724,4.595902282744646e-05,0.0,0.07935583300422877
64,0,0.0,0.0,0.0695292490418069,4.179199459031224e-05,0.0,0.06962966598803177
64,1,0.0,0.0,0.06244754296494648,3.9999024011194706e-05,0.0,0.06257274997187778
65,0,0.0,0.0,0.06372833397472277,5.124899325892329e-05,0.0,0.06385854101972654
65,1,0.0,0.0,0.07345424999948591,4.220806295052171e-05,0.0,0.07357854204019532
66,0,0.0,0.0,0.09528816601959988,4.641595296561718e-05,0.0,0.09538941702339798
66,1,0.0,0.0,0.0803334999945946,3.966601798310876e-05,0.0,0.08045545901404694
67,0,0.0,0.0,0.07051937497453764,4.195794463157654e-05,0.0,0.07061604200862348
67,1,48.41776496378501,0.0,0.08522841590456665,4.587502917274833e-05,0.0,0.08536637498764321
67,2,0.0,0.0,0.07260391500312835,3.9541046135127544e-05,0.0,0.07270958297885954
68,0,0.0,0.0,0.05725475098006427,3.9999024011194706e-05,0.0,0.05733545799739659
68,1,0.0,0.0,0.0637722079991363,4.408392123878002e-05,0.0,0.06390029203612357
69,0,0.0,0.0,0.06844591605477035,5.591596709564328e-05,0.0,0.0685661660390906
69,1,0.0,0.0,0.06159333302639425,3.99160198867321e-05,0.0,0.06170679198112339
70,0,0.0,0.0,0.08631616499042138,3.908301005139947e-05,0.0,0.0863949169870466
70,1,0.0,0.0,0.07004479208262637,4.025001544505358e-05,0.0,0.07015475002117455
71,0,0.0,0.0,0.10873570898547769,5.8833975344896317e-05,0.0,0.10884412500308827
71,1,10.539472704101456,0.0,0.10995250003179535,4.5082997530698776e-05,0.0,0.11008312500780448
71,2,39.76105215298979,0.0,0.10933487495640293,5.604099715128541e-05,0.0,0.10949208296369761
71,3,0.0,0.0,0.059735666029155254,4.0249957237392664e-05,0.0,0.0598557079792954
72,0,0.0,0.0,0.06102391704916954,4.491698928177357e-05,0.0,0.06112816696986556
72,1,0.0,0.0,0.06162233400391415,4.2625004425644875e-05,0.0,0.06174433301202953
73,0,0.0,0.0,0.06512729200767353,4.479195922613144e-05,0.0,0.06522175000282004
73,1,0.0,0.0,0.07830658304737881,4.212500061839819e-05,0.0,0.07842162501765415
74,0,0.0,0.0,0.0635474169976078,4.512601299211383e-05,0.0,0.06365666695637628
74,1,38.75782164461081,0.0,0.07451358297839761,6.174994632601738e-05,0.0,0.07469754200428724
74,2,105.78922113663695,0.0,1.0115635840338655,4.520697984844446e-05,0.0,1.0116997919976711
74,3,242.39966391987707,0.0,0.09929079096764326,5.841598613187671e-05,0.0,0.099437166005373
74,4,97.07735107324201,0.0,0.06149687396828085,3.791699418798089e-05,0.0,0.061602833040524274
74,5,96.9887446016619,0.0,0.06224324996583164,3.7958030588924885e-05,0.0,0.0623444170341827
74,6,5.5594862765552655,0.0,0.7725479169166647,7.662497228011489e-05,0.0,0.7727523749927059
74,7,7.86525195303199,0.0,0.08088862599106506,3.966601798310876e-05,0.0,0.0810047080158256
74,8,6.932514973702915,0.0,0.07583370804786682,4.558300133794546e-05,0.0,0.07595583295915276
74,9,7.796408652611177,0.0,0.09175050002522767,4.070799332112074e-05,0.0,0.09186612500343472
74,10,7.495977527065541,0.0,0.06590254098409787,3.829097840934992e-05,0.0,0.06601462501566857
74,11,7.656571991294239,0.0,0.0879109570523724,5.0084025133401155e-05,0.0,0.08805695897899568
74,12,4.432248067575003,0.0,0.7372232499765232,4.520796937867999e-05,0.0,0.737364583008457
74,13,2.631569061705978,0.0,0.5694685399648733,5.058397073298693e-05,0.0,0.5696181250386871
74,14,0.0,0.0,0.07227983296616003,4.637398524209857e-05,0.0,0.07242587499786168
75,0,0.0,0.0,0.0838892079773359,3.958394518122077e-05,0.0,0.08397808304289356
75,1,0.0,0.0,0.06265470909420401,4.062504740431905e-05,0.0,0.06278404197655618
76,0,0.0,0.0,0.06147949997102842,4.191702464595437e-05,0.0,0.061581125017255545
76,1,0.0,0.0,0.07734620693372563,3.962602932006121e-05,0.0,0.07746183301787823
77,0,0.0,0.0,0.07420550001552328,3.783294232562184e-05,0.0,0.07428449997678399
77,1,0.0,0.0,0.05449933302588761,3.725104033946991e-05,0.0,0.05459941702429205
78,0,0.0,0.0,0.06989620893727988,5.7000957895070314e-05,0.0,0.07001929101534188
78,1,0.0,0.0,0.07145495899021626,4.191597690805793e-05,0.0,0.07159437501104549
79,0,0.0,0.0,0.06218666606582701,4.175002686679363e-05,0.0,0.06227729102829471
79,1,0.0,0.0,0.062197665974963456,7.449998520314693e-05,0.0,0.06235995900351554
80,0,0.0,0.0,0.06421974999830127,4.1457999031990767e-05,0.0,0.06431654200423509
80,1,0.0,0.0,0.08091587503440678,4.062504740431905e-05,0.0,0.08103512501111254
81,0,0.0,0.0,0.0628439579741098,4.1499966755509377e-05,0.0,0.06293862499296665
81,1,0.0,0.0,0.06489891797536984,4.4459011405706406e-05,0.0,0.0650225420249626
82,0,0.0,0.0,0.07771983195561916,9.3416019808501e-05,0.0,0.07786712498636916
82,1,0.0,0.0,0.06478079303633422,5.48739917576313e-05,0.0,0.06493308302015066
83,0,0.0,0.0,0.06320470798527822,4.47490019723773e-05,0.0,0.06329808302689344
83,1,0.0,0.0,0.06905295903561637,4.533398896455765e-05,0.0,0.06918104202486575
84,0,0.0,0.0,0.06629283388610929,3.720703534781933e-05,0.0,0.06637254101224244
84,1,0.0,0.0,0.06840558303520083,7.670896593481302e-05,0.0,0.06859849998727441
85,0,0.0,0.0,0.05584737495519221,3.820803249254823e-05,0.0,0.055929250025656074
85,1,0.0,0.0,0.07970499998191372,5.441700341179967e-05,0.0,0.07987070898525417
86,0,0.0,0.0,0.08394625096116215,6.699998630210757e-05,0.0,0.08410270902095363
86,1,0.0,0.0,0.850642666046042,7.620803080499172e-05,0.0,0.8508509999956004
87,0,0.0,0.0,0.061264874995686114,5.6292046792805195e-05,0.0,0.06138370797270909
87,1,0.0,0.0,0.8822300820611417,5.341705400496721e-05,0.0,0.8824030839605257
88,0,0.0,0.0,0.06282608286710456,4.016701132059097e-05,0.0,0.06291829195106402
88,1,0.0,0.0,0.058242374972905964,4.658300895243883e-05,0.0,0.058376000029966235
89,0,0.0,0.0,0.9278605009312741,0.00010366702917963266,0.0,0.9280269590090029
89,1,0.0,0.0,0.8914877920178697,6.779195973649621e-05,0.0,0.8917024999973364
90,0,0.0,0.0,0.07364441803656518,3.920897142961621e-05,0.0,0.0737265000352636
90,1,0.0,0.0,0.06013258401071653,3.845803439617157e-05,0.0,0.06024091597646475
91,0,0.0,0.0,0.06386424996890128,6.475101690739393e-05,0.0,0.06398637499660254
91,1,0.0,0.0,0.05747945694020018,4.466704558581114e-05,0.0,0.05760470899986103
92,0,0.0,0.0,0.06431083398638293,3.8125086575746536e-05,0.0,0.06439424998825416
92,1,0.0,0.0,0.07307383290026337,3.766705049201846e-05,0.0,0.07317550003062934
93,0,0.0,0.0,0.06543612503446639,4.424992948770523e-05,0.0,0.06552404200192541
93,1,0.0,0.0,0.7093384170439094,5.0498987548053265e-05,0.0,0.7094928339938633
94,0,0.0,0.0,0.06293233309406787,3.933400148525834e-05,0.0,0.06302408297779039
94,1,0.0,0.0,0.06433174991980195,4.579202504828572e-05,0.0,0.0644784169853665
95,0,0.0,0.0,0.06664179207291454,4.441599594429135e-05,0.0,0.06673549994593486
95,1,0.0,0.0,0.07068912603426725,3.9083999581635e-05,0.0,0.07081025000661612
