k,P_hvac_1,P_hvac_2,P_hvac_3,P_hvac_4,P_agg,T_1,T_2,T_3,T_4,cost_step
0,0.640688002263059,0.640688002263059,4.662016796262653,1.847150050377488,7.790542851166259,20.00005101944476,20.00005101944476,20.00000269735009,20.0,0.1265963213314517
1,0.199909950414147,0.199909950414147,3.1197122162761257,1.723684787640242,5.243216904744662,18.7104029806409,18.7104029806409,18.113387341751,18.11784977556839,0.08520227470210076
2,0.3421801252012431,0.3421801252012431,1.839369335369742,1.288468786670451,3.8121983724426793,18.52632901472026,18.52632901472026,18.00137843877061,18.00731850496735,0.061948223552193545
3,0.22135624335622878,0.22135624335622878,1.66117944980902,0.2463151612338697,2.3502070977553475,18.3479318544368,18.3479318544368,18.00035843422177,18.00009357692487,0.0381908653385244
4,0.2385269179647916,0.2385269179647916,1.780115834222996,0.6290558581907535,2.8862255283433322,18.14342056171765,18.14342056171765,18.00055228663706,18.00000300350419,0.04690116483557915
5,0.2971628552147311,0.2971628552147311,1.949048811846551,0.7502373931165858,3.293611915392599,18.05898139632238,18.05898139632238,18.00072237559667,18.00000011539405,0.053521193625129734
6,0.32065327541574157,0.32065327541574157,2.110911516560953,0.8329321874478196,3.5851502548402556,18.02403211996129,18.02403211996129,18.00057965193252,18.00000000493349,0.05825869164115416
7,0.342119839781241,0.342119839781241,2.269145352070103,0.9032867900815074,3.8566718217140923,18.00985117456397,18.00985117456397,18.00034489638876,18.00000000023032,0.062670917102854
8,0.36450889671101694,0.36450889671101694,2.426741477756099,0.9642680558383804,4.120027327016514,18.00399406578149,18.00399406578149,18.00010142102566,18.00000000001158,0.06695044406401834
9,0.38048889118180396,0.38048889118180396,2.569141099312722,1.007187076951999,4.337305958628329,18.00161736256707,18.00161736256707,18.00001178611213,18.00000000000062,0.07048122182771036
10,0.3954916903665713,0.3954916903665713,2.701971911388926,1.0367106666369221,4.529665958758991,18.0006383174386,18.0006383174386,18.0000010024493,18.00000000000003,0.0736070718298336
11,0.4092207398615177,0.4092207398615177,2.831211168605478,1.062938308367477,4.7125909566959905,18.00024900959878,18.00024900959878,17.99999952409972,18.0,0.07657960304630985
12,0.4215583416294801,0.4215583416294801,2.953738491764525,1.082532158471062,4.879387333494547,18.00009731118089,18.00009731118089,17.99999915077693,18.0,0.0792900441692864
13,0.44328794878310074,0.44328794878310074,3.092838291449886,1.138159354259195,5.117573543275283,18.0000382518231,18.0000382518231,17.99999887504559,18.0,0.08316057007822335
14,0.46444013857892297,0.46444013857892297,3.235030316729235,1.1901839333391482,5.35409452722623,18.00001577861565,18.00001577861565,17.99999864541557,18.0,0.08700403606742624
15,0.48497147630365073,0.48497147630365073,3.374819993003105,1.241825901548691,5.586588847159097,18.00000741925923,18.00000741925923,17.9999984589008,18.0,0.09078206876633534
16,0.5049245756581191,0.5049245756581191,3.509673483147395,1.293269344444758,5.8127919789083915,18.00000442736876,18.00000442736876,17.99999831022576,18.0,0.09445786965726137
17,0.5040385757306701,0.5040385757306701,3.5878291168008443,1.2728925332767789,5.868798801538963,18.00000338341368,18.00000338341368,17.99999828326501,18.0,0.09536798052500815
18,0.500682645760871,0.500682645760871,3.6350888293360724,1.2613599354411489,5.897814056298963,18.00000334371377,18.00000334371377,17.99999849505723,18.0,0.09583947841485815
19,0.49716222406100347,0.49716222406100347,3.666946529362497,1.253125553510596,5.9143965309951,18.00000381290393,18.00000381290393,17.99999875859413,18.0,0.09610894362867038
20,0.4938010748826322,0.4938010748826322,3.692694258776588,1.2479652339939489,5.9282616425358015,18.00000442579382,18.00000442579382,17.99999896453318,18.0,0.09633425169120678
21,0.8727358210852699,0.8727358210852699,3.742532592874432,1.885566502253612,7.373570737298584,18.00000813025218,18.00000813025218,17.9999991030675,18.0,0.11982052448110199
22,0.45407945642642616,0.45407945642642616,3.804880296327042,1.912851206193925,6.625890415373819,18.00000299032839,18.00000299032839,17.99999978514525,18.0,0.10767071924982456
23,0.22237353076031519,0.22237353076031519,3.872268939889084,1.939742229331511,6.256758230741225,18.00000121364868,18.00000121364868,18.0000003447926,18.0,0.10167232124954491
24,0.6160746558969332,0.6160746558969332,3.9401405697182548,1.966166867387684,7.138456748899805,18.0000794552437,18.0000794552437,18.00000053363989,18.0,0.11599992216962184
25,0.31848573870816105,0.31848573870816105,4.000642383310285,1.375605124846392,6.013218985572999,18.00004245781104,18.00004245781104,18.00000052249433,18.0,0.09771480851556125
26,0.3336973996558947,0.3336973996558947,4.066770324435312,1.409405655740113,6.143570779487215,18.00001412684545,18.00001412684545,18.00000188991188,18.0,0.09983302516666724
27,0.3598219961009214,0.3598219961009214,4.137096465718115,1.44546586060874,6.3022063185286985,18.00000433807642,18.00000433807642,18.00000312204532,18.0,0.10241085267609136
28,0.4951491589055284,0.4951491589055284,4.190090836066767,1.477867887367647,6.65825704124547,18.00000348238474,18.00000348238474,18.00000354467196,18.0,0.10819667692023889
29,1.521932129769878,1.151565633317786,8.402246949269472,6.635572592382904,17.71131730474004,19.866621215514,19.24442980855948,20.80166506262468,20.78113805523238,1.0405398916534772
30,1.396090421817779,1.059876494236379,9.96717006729075,4.010980616017951,16.434117599362857,20.63185377070439,19.74580687250845,20.99857832193189,20.98778000325296,0.9655044089625677
31,1.338463371697046,1.018431965181301,10.74130296725178,5.255383904368318,18.353582208498445,20.8827933065363,19.91609376529596,20.99999361168541,20.99930459709997,1.0782729547492835
32,1.2305311748545722,0.9536933403604396,10.61672707700934,4.624179376523795,17.42513096874815,20.9624165546746,19.9721477751554,21.00000158430215,20.99995986956262,1.0237264444139538
33,1.1303660525747359,0.8902372828262183,10.166941643307108,4.380843881448607,16.56838886015667,20.98781519136114,19.99066926268408,21.00000240321248,20.99999765913169,0.9733928455342044
34,1.036680242434458,0.8239506100560616,9.622409030788766,4.1844002108811615,15.667440094160447,20.99600238471733,19.99680555076308,21.00000202406132,20.99999986226811,0.9204621055319262
35,0.9486981488356899,0.7573716352368776,9.080795636763533,4.021893169833196,14.808758590669296,20.9986381841651,19.99887912186686,21.00000179905382,20.99999999183648,0.8700145672018211
36,0.8671632960656948,0.693262083920226,8.580232717200449,3.8830038958700537,14.023661993056423,20.99951480424927,19.99958998774264,21.00000247385612,20.99999999951303,0.8238901420920648
37,0.7825441921533012,0.6236025935768034,8.110456667060904,3.741052714103621,13.257656166894629,20.99981099575839,19.99983741026252,21.00000280305613,20.99999999997076,0.7788872998050594
38,0.7020691034199678,0.5561452880850756,7.6763050684291265,3.610245425741201,12.54476488567537,20.99991443208723,19.99992630857599,21.00000159762263,20.99999999999823,0.737004937033428
39,0.6572034716023847,0.5220214395604502,7.282556824164189,3.4937245022929493,11.955506237619973,20.99995231858256,19.99995955360982,21.0000014605902,20.99999999999989,0.7023859914601734
40,0.6689210957164284,0.5417641527747371,6.9250498279277855,3.387292165443185,11.523027241862136,20.99997869271661,19.99998184073351,21.0000025278561,20.99999999999999,0.6769778504594005
41,0.5362372787812432,0.41776444560036075,6.626653872729627,3.3246668214687087,10.90532241857994,21.00002647977988,20.00001995523662,21.00000393673907,21.0,0.3953179376735228
42,0.520637634027332,0.41005177858854197,6.368903913669829,3.2670027742344168,10.566596100520119,21.00002375350546,20.00001895961502,21.00000365001581,21.0,0.38303910864385426
43,0.5902658326443874,0.48379637428311456,6.13883976772156,3.214015429177394,10.426917403826456,21.00000995905762,20.00000867294953,21.00000293448727,21.0,0.377975755888709
44,0.5436662439808968,0.4420436908834085,5.92782145494506,3.1648734053785303,10.078404795187895,21.00004731151026,20.00003967545373,21.00000252106027,21.0,0.36534217382556117
45,0.4638479263126024,0.3691153286199142,5.710619998355283,3.084538826190453,9.628122079478253,21.00007168857688,20.00005986734162,21.00000231959549,21.0,0.34901942538108666
46,0.4168371959014958,0.3314406026964975,5.499452703109118,3.0244841985254896,9.272214700232603,21.00005770628869,20.00004961087278,21.00000194922044,21.0,0.3361177828834318
47,0.37805281743960806,0.2955478558569378,5.307919744978712,2.971724618928965,8.953245037204223,21.00003097183551,20.00002682171537,21.00000188640923,21.0,0.32455513259865304
48,0.3628684507343822,0.27891154519348615,5.136480883336719,2.922832714387012,8.7010935936516,21.00000727196615,20.00000730034306,21.00000212459665,21.0,0.31541464276987047
49,0.334926279479995,0.25219947277237487,4.956157891494177,2.8380526394033367,8.381336283149885,20.99999452222497,19.99999746443178,21.00000240810977,21.0,0.3038234402641833
50,0.3083535136015053,0.2242073493090816,4.78281755968866,2.7744013710186484,8.089779793617895,20.99999045321631,19.99999465727474,21.00000208171846,21.0,0.29325451751864867
51,0.28159479633063833,0.19701903249247682,4.617270250738784,2.715360523535659,7.811244603097558,20.99999023988983,19.99999467554249,21.0000015923734,21.0,0.28315761686228647
52,0.2558478049254888,0.17044911470812202,4.4598653856503345,2.660178000301754,7.5463403055857,20.99999114185593,19.9999955241052,21.00000121086652,21.0,0.2735548360774816
53,0.2331855580641729,0.148069186397155,4.320457148792154,2.6216947852761208,7.323406678529603,20.99999222864036,19.99999644352144,21.00000092496043,21.0,0.26547349209669807
54,0.21119248642082109,0.1265971074776226,4.189755562136845,2.5779745275989487,7.105519683634238,20.99999319860841,19.99999731069857,21.00000042990543,21.0,0.2575750885317411
55,0.1942229593914909,0.1104731419985304,4.072632052354159,2.537149527576934,6.914477681321115,20.99999395147108,19.99999803384268,20.99999997265042,21.0,0.2506498159478904
56,0.1794457345473639,0.09685481904861519,3.96633262657223,2.497947282496702,6.74058046266491,20.99999456253828,19.99999865865131,20.99999965373691,21.0,0.244346041771603
57,0.1806302775019588,0.09876313195068605,3.8935936482588542,2.484842560968857,6.657829618680356,20.99999467226715,19.99999886050827,20.99999940497057,21.00000000000001,0.2413463236771629
58,0.1837118372379534,0.102897648914771,3.843459346584169,2.477471458464918,6.607540291201811,20.9999945620129,19.99999883107949,20.9999991131906,21.0,0.23952333555606564
59,0.1943144372608233,0.1149155226383424,3.818929247719348,2.4747951397607832,6.602954347379297,20.99999404579416,19.99999843775657,20.99999880769969,21.0,0.2393570950924995
60,0.2097261619987553,0.1319597137042742,3.815929447195864,2.474917983061598,6.632533305960491,20.99999313188329,19.99999769630987,20.99999850402219,21.0,0.24042933234106778
61,0.2260933557910031,0.15016661563387831,3.822309760120406,2.464162274084877,6.662732005630165,20.99999194432539,19.99999671986318,20.9999981936494,21.0,0.24152403520409346
62,0.24283224031418899,0.1689266727144445,3.8412256986226323,2.4597133392013504,6.712697950852617,20.99999071233473,19.999995641995,20.99999793142911,21.0,0.24333530071840734
63,0.2616784670102788,0.1896412903732666,3.8741580223142202,2.4590683404671356,6.784546120164901,20.99998951944057,19.99999449934063,20.99999776645991,21.0,0.24593979685597764
64,0.2808841687428611,0.2097704341837717,3.920817088115819,2.461027037410953,6.872498728453405,20.99998829295998,19.99999334190316,20.99999765299397,21.0,0.24912807890643593
65,0.29913322603912834,0.2311439686309546,3.951619464321559,2.402546940406748,6.88444359939839,20.99998698998431,19.99999209326584,20.9999975568125,21.0,0.24956108047819162
66,0.3208309235935549,0.2558849089143152,4.003057000337462,2.404847992834905,6.984620825680237,20.99998535925223,19.99999064029062,20.99999790267483,21.0,0.25319250493090856
67,0.3397445103046827,0.2773349464249791,4.067458455999933,2.4111394726900914,7.095677385419686,20.99998382113603,19.99998904117977,20.99999821770352,21.0,0.2572183052214636
68,0.3603813297634409,0.296968787971406,4.14052157601185,2.4193653056548143,7.2172369994015115,20.99998233835016,19.99998730583808,20.99999828844864,21.0,0.26162484122830476
69,1.347185795622938,1.2395524166648562,6.031188478095396,2.99134477487034,11.60927146525353,20.99994678612406,19.99995311781144,20.99999625596364,21.0,0.6820446985836448
70,1.46127326881415,1.3462164606853309,7.136589746872681,2.9916249818464573,12.93570445821862,20.99981897609312,19.99982670770126,20.99998753642012,21.0,0.7599726369203439
71,1.515359841254069,1.396205398624428,7.709203447133042,3.001890563572103,13.622659250583641,20.9997007021259,19.99970831650636,20.99997324942446,21.0,0.8003312309717889
72,1.549337725504908,1.429185741856892,8.023579836229553,3.010435879697246,14.012539183288599,20.9996546411162,19.99966523107081,20.9999779779616,21.0,0.8232366770182051
73,0.5729262257670423,0.49459408799019383,6.263476763514637,2.291083814281723,9.622080891553596,20.99980074325716,19.99981117893931,20.99997826376277,21.0,0.5652972523787737
74,0.3502692455667476,0.2767231325876021,5.2863268702709085,2.2869242893144692,8.200243537739727,20.99990648061476,19.99991371595496,20.99999988442208,21.0,0.4817643078422089
75,0.8648813282817488,0.9207772101141329,4.83517585502574,2.283920829158465,8.904755222580087,20.99996457287275,19.99996637828495,21.0000049367974,21.0,0.5231543693265801
76,0.6321034751639026,0.704949121954076,4.665433996231868,2.281752626526627,8.284239219876474,20.99998629875175,19.99998722016118,21.00000624589345,21.0,0.4866990541677428
77,0.06420643666055467,0.03175256156949412,4.646988936224242,2.35377781031892,7.0967257447732095,21.00000088304433,20.05932941099272,21.00000293562073,21.0,0.41693263750542603
78,0.1614403007958512,0.08399499479426437,4.669759240759571,2.361552314819433,7.27674685116912,21.00000867620318,20.02360289096543,21.00000341401817,21.0,0.42750887750618577
79,0.3458264706261095,0.2872639885006933,4.710124459311299,2.365950163497328,7.70916508193543,21.00000668218598,20.00949906130821,21.00000426282318,21.0,0.45291344856370647
80,0.38922267157649243,0.3265488647378913,4.755172967648688,2.3694444831289654,7.840388987092037,20.99999489329279,20.00406831384046,21.00000447414021,21.0,0.4606228529916572
81,0.4301661625731456,0.3602669870345428,4.83441757422083,2.438168627693769,8.063019351522287,20.99998576242231,20.00172928254346,21.00000454732194,21.0,0.47370238690193434
82,0.4648943276824704,0.393575212779587,4.915252163390683,2.4646047163654963,8.238326420218236,20.99998175004971,20.00068456413412,21.0000040949235,21.0,0.48400167718782133
83,0.49625236348169566,0.42387619702996804,4.992921057506488,2.488039915970317,8.401089533988468,20.99998036905673,20.00025710813981,21.00000365607187,21.0,0.4935640101218225
84,0.5255890974591942,0.45256201060380524,5.067147848578896,2.510886044931663,8.556185001573558,20.9999795113015,20.00008772735696,21.00000345124453,21.00000000000001,0.5026758688424465
85,0.5968721136700681,0.2622107657426647,2.6283176047363117,2.931576345395987,6.418976829545032,19.11048195798677,18.75613746810528,18.27510700637218,18.48574159074559,0.10430837348010677
86,0.10628807222044431,0.3408786327127309,0.6922485533356284,0.7193929342765837,1.8588081925453874,18.40376009541261,18.73217711649832,18.00085991334901,18.01598926395678,0.030205633128862548
87,0.1072814951549626,0.1909755087853932,0.3439485389471994,0.296938380022174,0.9391439229097293,18.14196108426976,18.62861625352625,18.00000108825635,18.0001788432969,0.0152610887472831
88,0.007451790633895426,0.14615907779869328,0.3671853048475423,0.01836688970100299,0.5391630629811339,18.05021792128354,18.35816303539869,18.00000009092449,18.00000013019295,0.008761399773443427
89,0.1822997198923231,0.1641317655479897,0.5763651042561889,0.2131956863718479,1.1359922760683496,18.20057653980843,18.14536643102804,18.00000027030861,18.00000000137367,0.01845987448611068
90,0.1082150081642976,0.2308514863744915,0.8405780909679865,0.3133166418865404,1.492961227393316,18.07559358367958,18.05765137900547,18.00000076748804,18.00000000002184,0.024260619945141386
91,0.1041973752469862,0.12664789362878132,1.110286681486214,0.399730207936289,1.7408621582982704,18.11709874046973,18.0279833716285,18.00000119272363,18.00000000000044,0.028289010072346896
92,0.2130974053884745,0.3026688473075606,1.357065169755195,0.47191318630165907,2.3447446087528894,18.0451516454226,18.01118641038694,18.00000155156842,18.00000000000001,0.03810209989223445
93,0.1160348281281469,0.1777321463458864,1.60117498198261,0.5927366032277822,2.4876785596844257,18.01806378890662,18.00461807554833,18.00096841466976,18.0,0.04042477659487192
94,0.1530317351167319,0.21217427316046208,1.81265664547354,0.6631499306411245,2.841012584391858,18.00720177267677,18.00193359202276,18.00088181761129,18.0,0.04616645449636769
95,0.33122395105165586,0.3838559163094932,1.9817626131177202,0.7241667435303136,3.421009224009183,18.00292691557539,18.00081774609836,18.00072518382863,18.0,0.055591399890149225
